berita,1
artikel,1
informasi,1
konten,1
tulisan,1
fakta,1
ilmu,1
belajar,1
edukasi,1
cerita,1
pendidikan,1
tutorial,1
teknologi,1
komputer,1
software,1
internet,1
sosial media,1
video,1
musik,1
film,1
drama,1
serial,1
anime,1
komik,1
fotografi,1
kamera,1
lensa,1
gambar,1
desain,1
arsitektur,1
fashion,1
baju,1
celana,1
sepatu,1
tas,1
makanan,1
minuman,1
resep,1
kuliner,1
masakan,1
dapur,1
kesehatan,1
olahraga,1
senam,1
fitnes,1
gym,1
jalan kaki,1
lari,1
sepak bola,1
basket,1
voli,1
badminton,1
renang,1
musik pop,1
musik rock,1
musik jazz,1
musik klasik,1
musik tradisional,1
kebudayaan,1
sejarah,1
geografi,1
biologi,1
kimia,1
fisika,1
matematika,1
sains,1
astronomi,1
geologi,1
bahasa,1
sastra,1
puisi,1
pantun,1
cerpen,1
novel,1
kata bijak,2
motivasi,2
inspirasi,2
semangat,2
berbagi,2
menolong,2
teman,2
sahabat,2
keluarga,2
rumah,1
kos,1
apartemen,1
kontrakan,1
mobil,1
motor,1
kendaraan,1
jalan,1
rambu lalu lintas,1
lampu merah,1
halte,1
kereta api,1
pesawat,1
bandara,1
kapal,1
pelabuhan,1
transportasi,1
cuaca,1
hujan,1
panas,1
dingin,1
cerah,1
berawan,1
mendung,1
ramalan cuaca,1
bermain,1
anak-anak,1
remaja,1
dewasa,1
orang tua,1
kakek,1
nenek,1
pernikahan,1
ulang tahun,1
perayaan,1
hari besar,1
lebaran,1
idul fitri,1
idul adha,1
natal,1
tahun baru,1
hari ibu,1
hari ayah,1
kerja,1
kantor,1
pekerjaan,1
gaji,1
honor,1
karier,1
cv,1
portofolio,1
lowongan,1
magang,1
interview,1
kuliah,1
kampus,1
universitas,1
sekolah,1
smp,1
sma,1
sd,1
pembelajaran,1
kursus,1
kelas,1
dosen,1
guru,1
murid,1
mahasiswa,1
ujian,1
nilai,1
absen,1
rapor,1
liburan,1
jalan-jalan,1
wisata,1
pantai,1
gunung,1
hutan,1
danau,1
air terjun,1
taman,1
kebun binatang,1
kebun raya,1
hotel,1
penginapan,1
homestay,1
villa,1
reservasi,1
booking,1
aplikasi,1
web,1
situs,1
halaman,1
blog,1
forum,1
komentar,1
diskusi,1
review,1
ulasan,1
pengalaman,1
panduan,1
cara,1
tips,1
trik,1
tutorial,1
testimoni,1
ceramah,1
kajian,1
agama,1
sholat,1
puasa,1
zakat,1
doa,1
ibadah,1
haji,1
umroh,1
akhlak,1
etika,1
sopan,1
santun,1
