judi,5
slot,5
casino,5
kasino,5
togel,5
poker,5
taruhan,5
bet,5
jackpot,5
menang,4
bonus,4
deposit,5
wd,5
withdraw,5
rollingan,4
maxwin,5
spin,5
hoki,4
gacor,4
angka,3
angka keluar,3
angka jitu,4
angka main,4
angka hoki,4
angka sakti,4
angka mistik,4
angka top,4
angka tarung,4
angka sgp,5
angka hk,5
angka sidney,5
sgp,5
hk,5
sidney,5
live draw,5
prediksi,4
keluaran,3
keluar angka,3
dadu,3
game judi,5
game slot,5
agen slot,5
agen togel,5
agen judi,5
agen bola,5
situs judi,5
situs slot,5
situs togel,5
situs bola,5
link alternatif,4
daftar slot,5
daftar judi,5
daftar togel,5
daftar casino,5
deposit pulsa,4
main slot,5
main togel,5
main judi,5
main bola,5
slot online,5
togel online,5
judi online,5
bandar togel,5
bandar judi,5
bandar bola,5
akun pro,4
akun vip,4
akun maxwin,5
akun gacor,5
akun hoki,4
akun kembar,3
akun sakti,4
akun top,4
akun jitu,4
akun main,3
vip,4
vip slot,5
vip togel,5
vip judi,5
vip casino,5
chip gratis,3
spin gratis,3
free chip,3
bonus chip,4
freebet,4
kode referal,2
kode promo,2
kode slot,3
event bonus,3
event slot,4
event judi,4
event togel,4
jackpot besar,5
mega jackpot,5
hadiah uang,4
uang asli,4
uang nyata,4
cuan,3
cuan cepat,4
tarik dana,4
tarik tunai,4
live kasino,5
live slot,5
siaran langsung togel,5
angka cepat,4
angka hoki,4
angka menang,5
spinwin,5
tembak ikan,4
tembakslot,5
bo togel,5
bo slot,5
bo terpercaya,4
bo resmi,4
bo gacor,5
bo hoki,5
bo terbaik,5
link slot,5
link gacor,5
link hoki,5
link jp,5
link maxwin,5
link bo,4
link daftar,4
link jackpot,5
link hoki slot,5
link live draw,5
link angka jitu,5
login slot,4
login judi,4
login togel,4
login bo,4
login casino,4
login poker,4
login maxwin,5
login hoki,5
login vip,4
akun pro slot,5
akun sakti slot,5
akun rtp tinggi,5
akun rtp besar,5
akun bocoran,4
akun freebet,4
akun rtp,4
akun live draw,4
akun rahasia,3
akun super,3
akun jackpot,5
akun top slot,4
game hoki,4
game jp,4
game maxwin,5
game tembak,4
game koin,3
game taruhan,5
game uang asli,5
game uang nyata,5
game lucky,3
game menang,4
game angka,3
game angka jitu,4
prediksi sgp,5
prediksi hk,5
prediksi sidney,5
prediksi angka,4
prediksi jitu,5
prediksi bola,4
bocoran slot,5
bocoran togel,5
bocoran sgp,5
bocoran hk,5
bocoran sidney,5
bocoran angka,4
bocoran rtp,4
bocoran gacor,5
bocoran maxwin,5
bandar online,5
bandar terpercaya,5
bandar resmi,5
bandar rtp tinggi,5
bandar menang,4
rtp slot,5
rtp live,4
rtp gacor,5
rtp tinggi,5
rtp terbaru,4
rtp maxwin,5
rtp hari ini,4
rtp bocoran,4
kode maxwin,5
kode gacor,5
kode hoki,5
kode menang,4
kode rtp,4
event maxwin,5
event gacor,5
event hoki,5
event cuan,4
event besar,4
event resmi,4
event terpercaya,4
deposit mudah,4
deposit cepat,4
wd cepat,5
wd mudah,5
withdraw cepat,5
withdraw mudah,5
bonus new member,4
bonus harian,4
bonus mingguan,4
bonus akhir pekan,3
bonus cashback,4
bonus referral,3
bonus hoki,4
bonus rtp,4
bonus spin,3
bonus besar,4
bonus menarik,3
bonus gratis,3
bonus maxwin,5
promo slot,4
promo gacor,4
promo hoki,4
promo menarik,3
promo maxwin,5
promo vip,3
